<component name="ProjectRunConfigurationManager">
  <configuration default="false" name="Start" type="ShConfigurationType">
    <option name="SCRIPT_TEXT" value="docker stop $(docker ps -a -q) &amp;&amp; docker compose up -d &amp;&amp; docker exec -it $(basename &quot;$PWD&quot;)-php-fpm-1 npm start" />
    <option name="INDEPENDENT_SCRIPT_PATH" value="true" />
    <option name="SCRIPT_PATH" value="" />
    <option name="SCRIPT_OPTIONS" value="" />
    <option name="INDEPENDENT_SCRIPT_WORKING_DIRECTORY" value="true" />
    <option name="SCRIPT_WORKING_DIRECTORY" value="$PROJECT_DIR$" />
    <option name="INDEPENDENT_INTERPRETER_PATH" value="true" />
    <option name="INTERPRETER_PATH" value="/bin/zsh" />
    <option name="INTERPRETER_OPTIONS" value="" />
    <option name="EXECUTE_IN_TERMINAL" value="true" />
    <option name="EXECUTE_SCRIPT_FILE" value="false" />
    <envs />
    <method v="2" />
  </configuration>
</component>